metric,value
cohens_d,4.247824695539522
paired_t_p,1.8093652766394235e-14
