metric,value
cohens_d,0.393177793049373
paired_t_p,0.0726212599261832
